{"song_name":{"1":"Red Hot Chili Peppers - Can't Stop (Offical Music Video).mp3","2":"Alan Walker - Diamond Heart (feat. Sophia Somajo).mp3","3":"b\u00fclow - Sweet Little Lies.mp3","4":"Becky G - Sola (Official Music Video).mp3","5":"Anne-Marie - Ciao Adios [Official Video].mp3","6":"Lemon tree - Fools Garden.mp3","7":"Calum Scott - You Are The Reason (Official).mp3","8":"Ben E. King - Stand By Me (HQ Video Remastered In 1080p).mp3","9":"Billie Eilish - when the party's over.mp3","10":"Manu Chao - Me Gustas Tu (2001).mp3","11":"Charlie Puth - We Don't Talk Anymore (feat. Selena Gomez) [Official Video].mp3","12":"Billie Eilish, Khalid - lovely.mp3","13":"Billie Eilish - you should see me in a crown (Vertical Video).mp3","14":"Caius - Your Love (feat. Neigh) [Official Music Video].mp3","15":"New Radicals - You Get What You Give.mp3","16":"Ariana Grande - Break Free ft. Zedd.mp3","17":"Katrina & The Waves - Walking On Sunshine.mp3","18":"Ariana Grande - Into You.mp3"},"tempo":{"1":184.5703125,"2":89.1029094828,"3":161.4990234375,"4":129.19921875,"5":143.5546875,"6":143.5546875,"7":172.265625,"8":78.3025568182,"9":129.19921875,"10":172.265625,"11":99.3840144231,"12":117.4538352273,"13":151.9990808824,"14":95.703125,"15":112.3471467391,"16":129.19921875,"17":107.666015625,"18":107.666015625},"total_beats":{"1":231083,"2":109540,"3":200957,"4":159657,"5":174184,"6":182501,"7":216714,"8":96059,"9":153009,"10":225144,"11":123076,"12":139940,"13":190976,"14":122140,"15":144315,"16":158116,"17":128443,"18":138181},"average_beats":{"1":1312.9715909091,"2":1335.8536585366,"3":1279.9808917197,"4":1287.5564516129,"5":1488.7521367521,"6":1294.3333333333,"7":1289.9642857143,"8":1263.9342105263,"9":1275.075,"10":1286.5371428571,"11":1255.8775510204,"12":1345.5769230769,"13":1281.7181208054,"14":1285.6842105263,"15":1277.1238938053,"16":1285.4959349593,"17":1259.2450980392,"18":1328.6634615385},"chroma_stft_mean":{"1":0.4421480331,"2":0.284901109,"3":0.2919607556,"4":0.3763765064,"5":0.3021651268,"6":0.2932598977,"7":0.2184224662,"8":0.3523829518,"9":0.2748708127,"10":0.3748634181,"11":0.3374619364,"12":0.2730323215,"13":0.4288168617,"14":0.4077462294,"15":0.423158446,"16":0.3882632898,"17":0.4137913495,"18":0.4080328015},"chroma_stft_std":{"1":0.2976424098,"2":0.2983098973,"3":0.3071854112,"4":0.3200631462,"5":0.3045304872,"6":0.3051394248,"7":0.2917127115,"8":0.3228569885,"9":0.3188587731,"10":0.2914230149,"11":0.3149399097,"12":0.293733881,"13":0.3073999199,"14":0.3014188697,"15":0.2821384545,"16":0.3000641463,"17":0.2982164619,"18":0.3325675257},"chroma_stft_var":{"1":0.0885910041,"2":0.0889887949,"3":0.0943628769,"4":0.1024404176,"5":0.0927388176,"6":0.0931100686,"7":0.0850963061,"8":0.104236635,"9":0.1016709172,"10":0.0849273736,"11":0.0991871467,"12":0.0862795928,"13":0.0944947108,"14":0.090853335,"15":0.0796021075,"16":0.0900384919,"17":0.0889330582,"18":0.1106011592},"chroma_cq_mean":{"1":0.5571496961,"2":0.4203113846,"3":0.407606401,"4":0.4924330605,"5":0.4624963359,"6":0.432587366,"7":0.3863793535,"8":0.4136094282,"9":0.4428010223,"10":0.5662912987,"11":0.4439752726,"12":0.4148746046,"13":0.3532646547,"14":0.4744892254,"15":0.5216473835,"16":0.4983662155,"17":0.5581594024,"18":0.5604473787},"chroma_cq_std":{"1":0.2510601589,"2":0.2799449312,"3":0.2920794542,"4":0.2929245615,"5":0.2897459795,"6":0.2831794015,"7":0.2820186293,"8":0.2964759896,"9":0.2909808818,"10":0.2464344707,"11":0.2825861774,"12":0.2773085739,"13":0.308997177,"14":0.2814333927,"15":0.2597325596,"16":0.2716792503,"17":0.257627842,"18":0.2854588554},"chroma_cq_var":{"1":0.0630312034,"2":0.0783691645,"3":0.0853104076,"4":0.0858047987,"5":0.0839527326,"6":0.0801905734,"7":0.0795345073,"8":0.0878980124,"9":0.0846698736,"10":0.0607299483,"11":0.0798549477,"12":0.0769000452,"13":0.0954792554,"14":0.0792047545,"15":0.0674610025,"16":0.073809615,"17":0.066372105,"18":0.0814867581},"chroma_cens_mean":{"1":0.2682958524,"2":0.2425652281,"3":0.2404196452,"4":0.2551115322,"5":0.2496987946,"6":0.2464271288,"7":0.2253202176,"8":0.2361689622,"9":0.2457922808,"10":0.2730585781,"11":0.2512668455,"12":0.2329488466,"13":0.2062183648,"14":0.2523803691,"15":0.2649215422,"16":0.2544204262,"17":0.2682087643,"18":0.2627214071},"chroma_cens_std":{"1":0.106539518,"2":0.1565102024,"3":0.1597865061,"4":0.1350978885,"5":0.1448580178,"6":0.1498190736,"7":0.1804553487,"8":0.1647370874,"9":0.1513918362,"10":0.0936608044,"11":0.1421207433,"12":0.1704938949,"13":0.202008216,"14":0.1401338026,"15":0.1146730562,"16":0.1363949415,"17":0.1067585691,"18":0.1196277375},"chroma_cens_var":{"1":0.0113506689,"2":0.0244954435,"3":0.0255317275,"4":0.0182514395,"5":0.0209838453,"6":0.0224457548,"7":0.0325641329,"8":0.027138308,"9":0.0229194881,"10":0.0087723463,"11":0.0201983057,"12":0.0290681682,"13":0.0408073193,"14":0.0196374826,"15":0.0131499098,"16":0.0186035801,"17":0.0113973921,"18":0.0143107956},"melspectrogram_mean":{"1":2.4228820296,"2":5.0201574333,"3":0.5830273737,"4":7.6536392887,"5":5.8388634135,"6":5.0533697814,"7":4.5492492028,"8":2.2464564373,"9":3.4106504084,"10":5.4262692723,"11":8.6424655444,"12":4.3112874034,"13":23.7865075579,"14":18.9239911793,"15":1.2308847239,"16":13.9353878709,"17":0.5272709793,"18":8.3905817565},"melspectrogram_std":{"1":15.9224409905,"2":47.2258090001,"3":5.1821160002,"4":88.7664580818,"5":51.1396999851,"6":32.2551128013,"7":35.3993620799,"8":31.1833914454,"9":43.0928030152,"10":31.7022410983,"11":76.9310038532,"12":22.9811672029,"13":279.1234622999,"14":133.7069078956,"15":5.7604830814,"16":155.521521565,"17":2.5221890023,"18":93.5419429559},"melspectrogram_var":{"1":253.5241270975,"2":2230.2770357153,"3":26.8543262398,"4":7879.4840803905,"5":2615.2689145686,"6":1040.3923018276,"7":1253.1148356613,"8":972.4039020358,"9":1856.9896717092,"10":1005.032090654,"11":5918.3793538683,"12":528.1340460068,"13":77909.9072062647,"14":17877.5372190044,"15":33.1831653306,"16":24186.9436698913,"17":6.3614373631,"18":8750.0950919614},"mfcc_mean":{"1":-1.7794969728,"2":-4.9983950342,"3":-11.7086544644,"4":-5.6227880582,"5":-4.9567025165,"6":-5.6801187124,"7":-4.7164167842,"8":-4.5321030967,"9":-13.6227129118,"10":0.0647939983,"11":-1.7372093336,"12":-1.9855844052,"13":3.8124865435,"14":-0.2142551595,"15":-2.106632181,"16":3.7317647562,"17":-5.8553608579,"18":0.2876553645},"mfcc_std":{"1":44.0933290301,"2":46.3768198419,"3":66.1735937127,"4":43.705602667,"5":53.6076247947,"6":58.9665080993,"7":70.521050955,"8":67.2806214388,"9":80.8743999193,"10":36.6132350102,"11":49.3499913466,"12":60.077406079,"13":63.9605598939,"14":59.939072821,"15":39.7891065353,"16":37.7902743154,"17":53.2699973761,"18":55.7949765896},"mfcc_var":{"1":1944.2216649539,"2":2150.8094186523,"3":4378.9445048545,"4":1910.1797044819,"5":2873.7774361336,"6":3477.0490774221,"7":4973.218627797,"8":4526.6820211898,"9":6540.668562308,"10":1340.52897791,"11":2435.421645909,"12":3609.2947211804,"13":4090.953221936,"14":3592.6924506359,"15":1583.1729988761,"16":1428.1048328325,"17":2837.6926204516,"18":3113.0794126344},"mfcc_delta_mean":{"1":0.0116690189,"2":0.0120838604,"3":0.0119960201,"4":0.012201945,"5":0.013876112,"6":0.0137180974,"7":0.0118219351,"8":0.0084376557,"9":0.003988873,"10":0.0126873666,"11":0.0033900701,"12":0.011332274,"13":0.0132446171,"14":0.0070709899,"15":0.0116717467,"16":0.013440032,"17":0.0075690432,"18":0.0128462198},"mfcc_delta_std":{"1":2.8801084024,"2":2.099237144,"3":3.5568065235,"4":3.1184369857,"5":3.1023538939,"6":3.5448539707,"7":2.515509289,"8":3.5509263234,"9":2.1375836885,"10":3.0292909212,"11":3.0048347378,"12":1.9208729592,"13":2.9158154354,"14":3.120414405,"15":2.614011031,"16":3.1889977901,"17":2.9774568018,"18":3.3486650884},"mfcc_delta_var":{"1":8.2950244095,"2":4.4067965866,"3":12.6508726453,"4":9.7246492338,"5":9.6245996832,"6":12.5659896735,"7":6.3277869833,"8":12.6090777545,"9":4.5692640255,"10":9.1766034854,"11":9.0290318015,"12":3.6897529255,"13":8.5019796533,"14":9.7369860588,"15":6.8330536703,